{
    "train_accuracy": 0.9833333333333333,
    "train_precision": 0.983739837398374,
    "train_recall": 0.983739837398374,
    "train_f1_score": 0.9833333333333334,
    "train_confusion_matrix": [
        [
            40,
            0,
            0
        ],
        [
            0,
            39,
            2
        ],
        [
            0,
            0,
            39
        ]
    ]
}